{"cameraMode":{"drawMode":0,"name":"Shaded","section":"Shading Mode"},"sceneLighting":false,"audioPlay":false,"sceneViewState":{"showFog":true,"showMaterialUpdate":false,"showSkybox":false,"showFlares":true,"showImageEffects":true,"showParticleSystems":true},"in2DMode":false,"pivot":{"x":0.06039472669363022,"y":-0.05408128350973129,"z":-0.013461519032716751},"rotation":{"x":-0.26942962408065798,"y":0.03638799861073494,"z":-0.010188514366745949,"w":-0.9622809886932373},"size":13.433038711547852,"orthographic":false}